"6140665","1617256477515"
"6209246","1617256578067"
"6209246","1617256673264"
"6283015","1617256703707"
"6348544","1617256844407"
"6416429","1617257024953"
"6469585","1617257175380"
"6539068","1617257345718"
"6659941","1617257536041"
"6728028","1617257746385"
"6871848","1617257976729"
"6931087","1617258096950"
"6989937","1617258217186"
"7046509","1617258337410"
"7101664","1617258457640"
"7161752","1617258577874"
"7224925","1617258698098"
"7283726","1617258818331"
"7344350","1617258938567"
"7403946","1617259058816"
"7464185","1617259179035"
"7523991","1617259299257"
"7577841","1617259419484"
"7634302","1617259539708"
"7685868","1617259659927"
"7738747","1617259780157"
"7790264","1617259900388"
"7846610","1617260020622"
"7904384","1617260140935"
"7961129","1617260261170"
"8021203","1617260381409"
"8078238","1617260501633"
"8135731","1617260621855"
"8194286","1617260742073"
"8253124","1617260862322"
"8312286","1617260982730"
"8370145","1617261102981"
"8423549","1617261223275"
"8482444","1617261343538"
"8541353","1617261463788"
"8596332","1617261584258"
"8653255","1617261704695"
"8709848","1617261824981"
"8762744","1617261945243"
"8819628","1617262065502"
"8876735","1617262185777"
"8933436","1617262306040"
"8987700","1617262426446"
"9044667","1617262546828"
"9100143","1617262667480"
"9158313","1617262788042"
"9213694","1617262908635"
"9269541","1617263029143"
"9328914","1617263149397"
"9387755","1617263269665"
"10037105","1617264707191"
"10092102","1617264860648"
"10161330","1617265042850"
"10226637","1617265194318"
"10295524","1617265365675"
"10426975","1617265556987"
"10498344","1617265768270"
"10637819","1617265999660"
"10695628","1617266120510"
"10761499","1617266241065"
"10816510","1617266361861"
"10870975","1617266482478"
"10925794","1617266603215"
"10986001","1617266724196"
"11041597","1617266844690"
"11095648","1617266965343"
"11151197","1617267085907"
"11207399","1617267206583"
"11262750","1617267327223"
"11317807","1617267448067"
"11373689","1617267568922"
"11426285","1617267689789"
"11478120","1617267810512"
"11532811","1617267931221"
"11587134","1617268052012"
"11639945","1617268172605"
"11696196","1617268293350"
"11752895","1617268414263"
"11811074","1617268534930"
"11868029","1617268655776"
"11923382","1617268776510"
"11980174","1617268897166"
"12038642","1617269017918"
"12095381","1617269138585"
"12148164","1617269259525"
"12197703","1617269380493"
"12251664","1617269501532"
"12309629","1617269622277"
"12370662","1617269743449"
"12429238","1617269864233"
"12485742","1617269984919"
"12546385","1617270105676"
"12606800","1617270226441"
"12668689","1617270347146"
"12733131","1617270467922"
"12799229","1617270588660"
"12864635","1617270709322"
"12929610","1617270830017"
"12995734","1617270950656"
"13063576","1617271071412"
"13129170","1617271192200"
"13195310","1617271313013"
"13260903","1617271433816"
"13329162","1617271554599"
"13391421","1617271675414"
"13455154","1617271796159"
"13518432","1617271916895"
"13577619","1617272037693"
"13638204","1617272158562"
"13697443","1617272279307"
"13761457","1617272400050"
"13824841","1617272520827"
"13891785","1617272641614"
"13956278","1617272762371"
"14021045","1617272883097"
"14090786","1617273003948"
"14151759","1617273124675"
"14217450","1617273245432"
"14285073","1617273366210"
"14350076","1617273486919"
"14411390","1617273607573"
"14476890","1617273728342"
"14539642","1617273849133"
"14602575","1617273969954"
"14668127","1617274090705"
"14736951","1617274211350"
"14810153","1617274332128"
"14881181","1617274452851"
"14951929","1617274573688"
"15025157","1617274694489"
"15097947","1617274815277"
"15171811","1617274936019"
"15245149","1617275056715"
"15318281","1617275177518"
"15392674","1617275298328"
"15468249","1617275419115"
"15543762","1617275539800"
"15619445","1617275660633"
"15693218","1617275781578"
"15767077","1617275902424"
"15841940","1617276023388"
"15916578","1617276144172"
"15992871","1617276265020"
"16068828","1617276385999"
"16144048","1617276506770"
"16221272","1617276627624"
"16297776","1617276748369"
"16379805","1617276869184"
"16458792","1617276989947"
"16539529","1617277110949"
"16615436","1617277232063"
"16690719","1617277352935"
"16772400","1617277473674"
"16849221","1617277594864"
"16927633","1617277715641"
"17003666","1617277836388"
"17081562","1617277957208"
"17162192","1617278078022"
"17243686","1617278198861"
"17323657","1617278319711"
"17403615","1617278441441"
"17478923","1617278562433"
"17555475","1617278683172"
"17634623","1617278804205"
"17713171","1617278925016"
"17791467","1617279045824"
"17881826","1617279166623"
"17970848","1617279287443"
"18057362","1617279408144"
"18137495","1617279528924"
"18224502","1617279649764"
"18308385","1617279770827"
"18391358","1617279891662"
"18476151","1617280012657"
"18561140","1617280133515"
"18646080","1617280254484"
"18729621","1617280375336"
"18815836","1617280496342"
"18900855","1617280617159"
"18986380","1617280737943"
"19076058","1617280858850"
"19171529","1617280979746"
"19267214","1617281100458"
"19361845","1617281221262"
"19452961","1617281342018"
"19546339","1617281462933"
"19637866","1617281584055"
"19729920","1617281704798"
"19822660","1617281825607"
"19910317","1617281946437"
"19998023","1617282067293"
"20084153","1617282188065"
"20175727","1617282309015"
"20264990","1617282429852"
"20351707","1617282550746"
"20442509","1617282671787"
"20529692","1617282792616"
"20618166","1617282913342"
"20705350","1617283034265"
"20796889","1617283155159"
"20886355","1617283275964"
"20977757","1617283397035"
"21065841","1617283517986"
"21152340","1617283639191"
"21241482","1617283760017"
"21336804","1617283880829"
"21429843","1617284001768"
"21524116","1617284122614"
"21610833","1617284243509"
"21698289","1617284364292"
"21795195","1617284485090"
"21891974","1617284605967"
"21994713","1617284726708"
"22098101","1617284847768"
"22224154","1617284968488"
"22320743","1617285089415"
"22415234","1617285210280"
"22507517","1617285331230"
"22605226","1617285452214"
"22700628","1617285573219"
"22794177","1617285694254"
"22883602","1617285815254"
"22978176","1617285936241"
"23074227","1617286057220"
"23178913","1617286178082"
"23285421","1617286298998"
"23394444","1617286419952"
"23500832","1617286540922"
"23603111","1617286661904"
"23712588","1617286782732"
"23817560","1617286903431"
"23926788","1617287024304"
"24042839","1617287145187"
"24150762","1617287265977"
"24257671","1617287386751"
"24370755","1617287507739"
"24557702","1617287628612"
"24662440","1617287749473"
"24768450","1617287870453"
"24878495","1617287991330"
"24987240","1617288112088"
"25100483","1617288232884"
"25207697","1617288353588"
"25311743","1617288474600"
"25411435","1617288595396"
"25512270","1617288716274"
"25608525","1617288837454"
"25703078","1617288958472"
"25800251","1617289079295"
"25895647","1617289200038"
"25990687","1617289320980"
"26080986","1617289441819"
"26177314","1617289563088"
"26270921","1617289684025"
"26364936","1617289805051"
"26454875","1617289926061"
"26544772","1617290047048"
"26633278","1617290167840"
"26717677","1617290288532"
"26803498","1617290409220"
"26889317","1617290529972"
"26974120","1617290650731"
"27064837","1617290771498"
"27157402","1617290892380"
"27256401","1617291013070"
"27350597","1617291133851"
"27444107","1617291254505"
"27534751","1617291375215"
"27627396","1617291495983"
"27720733","1617291616628"
"27849990","1617291737543"
"27942455","1617291858419"
"28031393","1617291979169"
"28118872","1617292099976"
"28212699","1617292220633"
"28303177","1617292341229"
"28393308","1617292461855"
"28482961","1617292582686"
"28574591","1617292703121"
"28660076","1617292823609"
"28742999","1617292944142"
"28829589","1617293064575"
"28919636","1617293185133"
"29006958","1617293305569"
"29090657","1617293426076"
"29182076","1617293546570"
"29273359","1617293667079"
"29364104","1617293787538"
"29453887","1617293908049"
"29544039","1617294028540"
"29632425","1617294149050"
"29720105","1617294269616"
"29809137","1617294390105"
"29898014","1617294510801"
"29986662","1617294631278"
"30073060","1617294751804"
"30158130","1617294872374"
"30246341","1617294992921"
"30338078","1617295113607"
"30425879","1617295234101"
"30513547","1617295354878"
"30603688","1617295475471"
"30692226","1617295595947"
"30778452","1617295716452"
"30864796","1617295836900"
"30948139","1617295957436"
"31031752","1617296077940"
"31120093","1617296198410"
"31203017","1617296318871"
"31288466","1617296439347"
"31372794","1617296559832"
"31457606","1617296680303"
"31543782","1617296800773"
"31628242","1617296921207"
"31712633","1617297041692"
"31805965","1617297162179"
"31895360","1617297282640"
"31989247","1617297403110"
"32082097","1617297523672"
"32496197","1617297644096"
"32583048","1617297764533"
"32676040","1617297884978"
"32771754","1617298005406"
"32863330","1617298125903"
"32918093","1617298246362"
"33026297","1617298366872"
"33113851","1617298487358"
"33212617","1617298607867"
"33302750","1617298728338"
"33395570","1617298848848"
"33487489","1617298969356"
"33575534","1617299089836"
"33663846","1617299210370"
"33751645","1617299330907"
"33834918","1617299451618"
"33923669","1617299572226"
"34009830","1617299692909"
"34104945","1617299813772"
"34199400","1617299934469"
"34294892","1617300055082"
"34390326","1617300175860"
"34485258","1617300296683"
"34579839","1617300417468"
"34673107","1617300538271"
"34766580","1617300659014"
"34857567","1617300779955"
"34943353","1617300900588"
"35029720","1617301021308"
"35117510","1617301142069"
"35207783","1617301262525"
"35297600","1617301383081"
"35392047","1617301503669"
"35483910","1617301624144"
"35575542","1617301744724"
"35673212","1617301865301"
"35767316","1617301985869"
"35855659","1617302106341"
"35948653","1617302226816"
"36042419","1617302347303"
"36135834","1617302467839"
"36227505","1617302588437"
"36321536","1617302708885"
"36415078","1617302829429"
"36510537","1617302949858"
"36605119","1617303070374"
"36699508","1617303191238"
"36798347","1617303311731"
"36899946","1617303432454"
"36994564","1617303552890"
"37089340","1617303673351"
"37188864","1617303793888"
"37288136","1617303914354"
"37385949","1617304034983"
"37484653","1617304155504"
"37582334","1617304276022"
"37677201","1617304396483"
"37771136","1617304516951"
"37862850","1617304637429"
"37959307","1617304758181"
"38057789","1617304878739"
"38155819","1617304999257"
"38249980","1617305119739"
"38344328","1617305240280"
"38446455","1617305360796"
"38537257","1617305481243"
"38634901","1617305601753"
"38728708","1617305722307"
"38823584","1617305842828"
"42939825","1617310970234"
"43025395","1617311122253"
"43129186","1617311303470"
"43239119","1617311454557"
"43435872","1617311625433"
"43545512","1617311816361"
"43654012","1617312027203"
"43859270","1617312258241"
"43945892","1617312378714"
"44049251","1617312499495"
"44146545","1617312620650"
"44227189","1617312741131"
"44312752","1617312861929"
"44400984","1617312982385"
"44489256","1617313102905"
"44578857","1617313223563"
"44669655","1617313344074"
"44757615","1617313464553"
"44848745","1617313584993"
"44940487","1617313705486"
"45031045","1617313826026"
"45128043","1617313946518"
"45225337","1617314067048"
"45322079","1617314187737"
"45418403","1617314308162"
"45510018","1617314429040"
"45599453","1617314549542"
"45689877","1617314670041"
"45779299","1617314790570"
"45869691","1617314911106"
"45956528","1617315031589"
"46044592","1617315152120"
"46133485","1617315273110"
"46224751","1617315393796"
"46311534","1617315514257"
"46401158","1617315634780"
"46488615","1617315755348"
"46574087","1617315875858"
"46659399","1617315996541"
"46746282","1617316117046"
"46834827","1617316237542"
"46918247","1617316358021"
"47001275","1617316478632"
"47085794","1617316599139"
"47168120","1617316719635"
"47246733","1617316840082"
"47327084","1617316960594"
"47406487","1617317081143"
"47490063","1617317201680"
"47574119","1617317322354"
"47655197","1617317442819"
"47737087","1617317563319"
"47820355","1617317683774"
"47899329","1617317804324"
"47980963","1617317924765"
"48060374","1617318045262"
"48139142","1617318165710"
"48217532","1617318286228"
"48296808","1617318406764"
"48372536","1617318527282"
"48445250","1617318647804"
"48519731","1617318768288"
"48593346","1617318888777"
"48663019","1617319009244"
"48736695","1617319129944"
"48803201","1617319250635"
"48869414","1617319371217"
"48939833","1617319491915"
"49010243","1617319612792"
"49083589","1617319733672"
"49153437","1617319854442"
"49222295","1617319975330"
"49292691","1617320096821"
"49364714","1617320217585"
"49439169","1617320338218"
"49514613","1617320458902"
"49585595","1617320579709"
"49656505","1617320700516"
"49724714","1617320821351"
"49795649","1617320941982"
"49863493","1617321062770"
"49932538","1617321183476"
"50001546","1617321304356"
"50071152","1617321425145"
"50136908","1617321545788"
"50209637","1617321666426"
"50277241","1617321787567"
"50350414","1617321908330"
"50420919","1617322029041"
"50491886","1617322149683"
"50558173","1617322270253"
"50628088","1617322391092"
"50698573","1617322511743"
"50762838","1617322632601"
"50823570","1617322753003"
"50888346","1617322873872"
"50950690","1617322994625"
"51013727","1617323115505"
"51077173","1617323236173"
"51145543","1617323356750"
"51208995","1617323477606"
"51275884","1617323598335"
"51337588","1617323719158"
"51401933","1617323839850"
"51462997","1617323960497"
"51526284","1617324081244"
"51591247","1617324201923"
"51658064","1617324322576"
"51724394","1617324443240"
"51787284","1617324563897"
"51851958","1617324684532"
"51918574","1617324805375"
"51986719","1617324926225"
"52052391","1617325046911"
"52119564","1617325167527"
"52189306","1617325288352"
"52253544","1617325409118"
"52321029","1617325529884"
"52389871","1617325650584"
"52456715","1617325771197"
"52525040","1617325891987"
"52595984","1617326012750"
"52665249","1617326133498"
"52727298","1617326254164"
"52793104","1617326374815"
"52857627","1617326495606"
"52921755","1617326616299"
"52991043","1617326737034"
"53058083","1617326857844"
"53123755","1617326978540"
"53192718","1617327099345"
"53260907","1617327220371"
"53325772","1617327341076"
"53393978","1617327461705"
"53458843","1617327582335"
"53525507","1617327703125"
"53591665","1617327823785"
"53664089","1617327944427"
"53730330","1617328065082"
"53800840","1617328185792"
"53867866","1617328306516"
"53936885","1617328427250"
"54002866","1617328548008"
"54921205","1617330198233"
"55005250","1617330351491"
"55069999","1617330533493"
"55147443","1617330684730"
"55224984","1617330856020"
"55374799","1617331047440"
"55436255","1617331258884"
"55583066","1617331490071"
"55655545","1617331610714"
"55714871","1617331731351"
"55773453","1617331852153"
"55837890","1617331972953"
"55900786","1617332093702"
"55964972","1617332214408"
"56028456","1617332335300"
"56093427","1617332456089"
"56155095","1617332576850"
"56212152","1617332697556"
"56269191","1617332818419"
"56326529","1617332939134"
"56383589","1617333059949"
"56438037","1617333180676"
"56493896","1617333301427"
"56548991","1617333422156"
"56604326","1617333542866"
"56659215","1617333663486"
"56716665","1617333784243"
"56773507","1617333905002"
"56829226","1617334025638"
"56884774","1617334146299"
"56942051","1617334267604"
"56998669","1617334388299"
"57052768","1617334508941"
"57107762","1617334629694"
"57160272","1617334750486"
"57213951","1617334871121"
"57266791","1617334991750"
"57319072","1617335112501"
"57371593","1617335233157"
"57425812","1617335353913"
"57475073","1617335474572"
"57524543","1617335595332"
"57574976","1617335716025"
"57623201","1617335836700"
"57675650","1617335957406"
"57729023","1617336078111"
"57779305","1617336198833"
"57829845","1617336319549"
"57879839","1617336440169"
"57931746","1617336560839"
"57982716","1617336681593"
"58035874","1617336802358"
"58091266","1617336923115"
"58140390","1617337043813"
"58205424","1617337164428"
"58253630","1617337285282"
"58511657","1617337406022"
"58561283","1617337526747"
"58614595","1617337647521"
"58672952","1617337768173"
"58764155","1617337888935"
"58834812","1617338009598"
"58911237","1617338130326"
"58992290","1617338251105"
"59076772","1617338371803"
"59160974","1617338492546"
"59248581","1617338613236"
"59336084","1617338733882"
"59423414","1617338854614"
"59509554","1617338975363"
"59593055","1617339096052"
"59680916","1617339216679"
"59771303","1617339337460"
"59860743","1617339458120"
"59947415","1617339578746"
"59993930","1617339699557"
"60040537","1617339820314"
"60127122","1617339941104"
"60171617","1617340061836"
"60215788","1617340182558"
"60261066","1617340303370"
"60306288","1617340424198"
"60352833","1617340544987"
"60399850","1617340665719"
"60444897","1617340786437"
"60493791","1617340907183"
"60539553","1617341027978"
"60611654","1617341148715"
"60692900","1617341269444"
"60776106","1617341390134"
"60837516","1617341510918"
"60919729","1617341631615"
"61009513","1617341752342"
"61059098","1617341873167"
"61115898","1617341994021"
"61173595","1617342114785"
"61228499","1617342235592"
"61275077","1617342356352"
"61319892","1617342477035"
"61362246","1617342597722"
"61403831","1617342718502"
"61447716","1617342839268"
"61487873","1617342959897"
"61527584","1617343080663"
"61568648","1617343201377"
"61610871","1617343322117"
"61651878","1617343442781"
"61694517","1617343563541"
"61735933","1617343684331"
"61778096","1617343805064"
"61817520","1617343925794"
"61858117","1617344046491"
"61894099","1617344167198"
"61933487","1617344287957"
"61971615","1617344408677"
"62005789","1617344529440"
"62039570","1617344650163"
"62074319","1617344770896"
"62113164","1617344891608"
"62148602","1617345012398"
"62183789","1617345133144"
"62218195","1617345253831"
"62254691","1617345374530"
"62287492","1617345495295"
"62322990","1617345615954"
"62360380","1617345736594"
"62400411","1617345857224"
"62436718","1617345978085"
"62476422","1617346098840"
"62516106","1617346219599"
"62557610","1617346340243"
"62596508","1617346460943"
"62638654","1617346581706"
"62678561","1617346702492"
"62712060","1617346823310"
"62728885","1617346944149"
"62743410","1617347064885"
"62755151","1617347185671"
"62766728","1617347306456"
"62777828","1617347427280"
"62788341","1617347548080"
"62797011","1617347668738"
"62807516","1617347789451"
"62817036","1617347910109"
"62825618","1617348030797"
"62832440","1617348151612"
"62838334","1617348272234"
"62843838","1617348392951"
"62850024","1617348513737"
"62855628","1617348634452"
"62860331","1617348755206"
"62864308","1617348875873"
"62868601","1617348996663"
"62873342","1617349117322"
"62877212","1617349238177"
"62919854","1617349358982"
"62925175","1617349479717"
"62928846","1617349600452"
"62931883","1617349721246"
"62934552","1617349841933"
"62937124","1617349962625"
"62939607","1617350083287"
"62941752","1617350204065"
"62943887","1617350324694"
"62946700","1617350445434"
"62948940","1617350566273"
"62951506","1617350687112"
"62954427","1617350807777"
"62957427","1617350928563"
"62959583","1617351049304"
"62962044","1617351170069"
"62964478","1617351290843"
"62966736","1617351411535"
"62968872","1617351532251"
"62971098","1617351653021"
"62973214","1617351773713"
"62975431","1617351894534"
"62977766","1617352015370"
"62979119","1617352136034"
"62980378","1617352256902"
"62981464","1617352377532"
"62982691","1617352498328"
"62984238","1617352618964"
"62985431","1617352739799"
"62986538","1617352860452"
"62987554","1617352981260"
"62988879","1617353102150"
"62990034","1617353222930"
"62991077","1617353343606"
"62992093","1617353464271"
"62993512","1617353585080"
"62994609","1617353705799"
"62995756","1617353826878"
"62996831","1617353947636"
"62997932","1617354068456"
"62999001","1617354189524"
"63000099","1617354310328"
"63001291","1617354431040"
"63002468","1617354551832"
"63003479","1617354672601"
"63004419","1617354793342"
"63005497","1617354914109"
"63006363","1617355034941"
"63007263","1617355155600"
"63008366","1617355276395"
"63010051","1617355397012"
"63011406","1617355517642"
"63012762","1617355638496"
"63013700","1617355759253"
"63014676","1617355880036"
"63015829","1617356000794"
"63016996","1617356121489"
"63018058","1617356242105"
"63019178","1617356362760"
"63020264","1617356483516"
"63021176","1617356604238"
"63022168","1617356725211"
"63023089","1617356845970"
"63024103","1617356966647"
"63025115","1617357087459"
"63026005","1617357208102"
"63027103","1617357328903"
"63028078","1617357449641"
"63028942","1617357570345"
"63029295","1617357690978"
"63029474","1617357811689"
"63029700","1617357932396"
"63029791","1617358053108"
"63030019","1617358173815"
"63030316","1617358294706"
"63030645","1617358415469"
"63030774","1617358536193"
"63031041","1617358656808"
"63031519","1617358778264"
"63032017","1617358899134"
"63032463","1617359019907"
"63032915","1617359140719"
"63033275","1617359261560"
"63033620","1617359382251"
"63033943","1617359503013"
"63034244","1617359623751"
"63034619","1617359744446"
"63035302","1617359865122"
"63036096","1617359985864"
"63036761","1617360106632"
"63037290","1617360227453"
"63037674","1617360348171"
"63038201","1617360468924"
"63038676","1617360589614"
"63039051","1617360710275"
"63039447","1617360830944"
"63039820","1617360951613"
"63040076","1617361072419"
"63040278","1617361193111"
"63040574","1617361313923"
"63041088","1617361434720"
"63041216","1617361555433"
"63041543","1617361676062"
"63042002","1617361796750"
"63042346","1617361917537"
"63042647","1617362038310"
"63043034","1617362159018"
"63043319","1617362279893"
"63043717","1617362400643"
"63044095","1617362521340"
"63044420","1617362642064"
"63044683","1617362762935"
"63045063","1617362883718"
"63045260","1617363004420"
"63045505","1617363125094"
"63045664","1617363245802"
"63045862","1617363366560"
"63046086","1617363487285"
"63046392","1617363607986"
"63046635","1617363728702"
"63047256","1617363849350"
"63047540","1617363970077"
"63047926","1617364090885"
"63048474","1617364211664"
"63048927","1617364332335"
"63049480","1617364453283"
"63049727","1617364574060"
"63050052","1617364694836"
"63050362","1617364815657"
"63050638","1617364936419"
"63050852","1617365057311"
"63051179","1617365178135"
"63051307","1617365299111"
"63051594","1617365419763"
"63051797","1617365540549"
"63051896","1617365661376"
"63052425","1617365782144"
"63052686","1617365902874"
"63053063","1617366023743"
"63053428","1617366144919"
"63053846","1617366265697"
"63054212","1617366386501"
"63054713","1617366507210"
"63055088","1617366627935"
"63055319","1617366748631"
"63055450","1617366869315"
"63055628","1617366990066"
"63055871","1617367110823"
"63056098","1617367231460"
"63056386","1617367352233"
"63056678","1617367472865"
"63056923","1617367593684"
"63057066","1617367714332"
"63057262","1617367835165"
"63057538","1617367955988"
"63057923","1617368076853"
"63058323","1617368197677"
"63058613","1617368318504"
"63058807","1617368439157"
"63059453","1617368559995"
"63060026","1617368680889"
"63060362","1617368801686"
"63060698","1617368922489"
"63061172","1617369043192"
"63061401","1617369163994"
"63061853","1617369284641"
"63062121","1617369405434"
"63062399","1617369526128"
"63062542","1617369646771"
"63062915","1617369767396"
"63063234","1617369888172"
"63063445","1617370008974"
"63063607","1617370129752"
"63063830","1617370250359"
"63064142","1617370371159"
"63064262","1617370491969"
"63064397","1617370612931"
"63064460","1617370733673"
"63064687","1617370854656"
"63064918","1617370975557"
"63065160","1617371096351"
"63065234","1617371217304"
"63065409","1617371338087"
"63065611","1617371458870"
"63065911","1617371579685"
"63066380","1617371700467"
"63066795","1617371821330"
"63066997","1617371942104"
"63067145","1617372062802"
"63067464","1617372183750"
"63068002","1617372304915"
"63068175","1617372425753"
"63068599","1617372546870"
"63068884","1617372667513"
"63069137","1617372788345"
"63069602","1617372909090"
"63069880","1617373029875"
"63070068","1617373150698"
"63,070,068","1617373302815"
"63070669","1617373423540"
"63071389","1617373544222"
"63071940","1617373664949"
"63072185","1617373785771"
"63072468","1617373906598"
"63072867","1617374027361"
"63073166","1617374148105"
"63073524","1617374268722"
"63073666","1617374389393"
"63073981","1617374510157"
"63074377","1617374630786"
"63074549","1617374751573"
"63074817","1617374872205"
"63075113","1617374992833"
"63075469","1617375113651"
"63075608","1617375234356"
"63075821","1617375356275"
"63075912","1617375480859"
"63076361","1617375601575"
"63076778","1617375722357"
"63076921","1617375843166"
"63077050","1617375963943"
"63077304","1617376084622"
"63077751","1617376205269"
"63077998","1617376326387"
"63078174","1617376447189"
"63078242","1617376567876"
"63078574","1617376688747"
"63078819","1617376809509"
"63078887","1617376930313"
"63079156","1617377051096"
"63079228","1617377171760"
"63079412","1617377292501"
"63079554","1617377413236"
"63079657","1617377533943"
"63079745","1617377654642"
"63080013","1617377775214"
"63080152","1617377895872"
"63080272","1617378016550"
"63080471","1617378137263"
"63080617","1617378258066"
"63080867","1617378378777"
"63080973","1617378499407"
"63081005","1617378620056"
"63081045","1617378740725"
"63081093","1617378861369"
"63081151","1617378982043"
"63081429","1617379102864"
"63081706","1617379223691"
"63081764","1617379344510"
"63081931","1617379465167"
"63082023","1617379586017"
"63082146","1617379706891"
"63082255","1617379827656"
"63082389","1617379948600"
"63082509","1617380069422"
"63082608","1617380190158"
"63082690","1617380310882"
"63082780","1617380431723"
"63082912","1617380552499"
"63083031","1617380673331"
"63083118","1617380794130"
"63083482","1617380915005"
"63083541","1617381035841"
"63083673","1617381156494"
"63083755","1617381277154"
"63084239","1617381397855"
"63084480","1617381518611"
"63084625","1617381639433"
"63084677","1617381760182"
"63084885","1617381880835"
"63085075","1617382001554"
"63085232","1617382122214"
"63085351","1617382242922"
"63085450","1617382363682"
"63085486","1617382484340"
"63085543","1617382605016"
"63085595","1617382725675"
"63085708","1617382846348"
"63085783","1617382967142"
"63085906","1617383087989"
"63085958","1617383208770"
"63086021","1617383329627"
"63086084","1617383450383"
"63086111","1617383571269"
"63086188","1617383692058"
"63086277","1617383812826"
"63086350","1617383933667"
"63086450","1617384054546"
"63086480","1617384175213"
"63086632","1617384295980"
"63086638","1617384416780"
"63086664","1617384537497"
"63086690","1617384658420"
"63086696","1617384779237"
"63086819","1617384899973"
"63086836","1617385020798"
"63086931","1617385141441"
"63086992","1617385262281"
"63087063","1617385383011"
"63087091","1617385503641"
"63087155","1617385624536"
"63087198","1617385745234"
"63087261","1617385865951"
"63087341","1617385986580"
"63087517","1617386107339"
"63087553","1617386228095"
"63087655","1617386348761"
"63087733","1617386469531"
"63087771","1617386590332"
"63087943","1617386711250"
"63087954","1617386832135"
"63087996","1617386952887"
"63088024","1617387073649"
"63088034","1617387194492"
"63088111","1617387315254"
"63088235","1617387435900"
"63088309","1617387556568"
"63088380","1617387677251"
"63088467","1617387797934"
"63088505","1617387918940"
"63088559","1617388039452"
"63088619","1617388160031"
"63088718","1617388280718"
"63088910","1617388401403"
"63088926","1617388522154"
"63088992","1617388642917"
"63089057","1617388763680"
"63089143","1617388884461"
"63089227","1617389005252"
"63089409","1617389126252"
"63089445","1617389246909"
"63089572","1617389367488"
"63089575","1617389488354"
"63089638","1617389609079"
"63089646","1617389729762"
"63089825","1617389850416"
"63089880","1617389971168"
"63089905","1617390092044"
"63089978","1617390212682"
"63090007","1617390333362"
"63090039","1617390453940"
"63090046","1617390574597"
"63090165","1617390695090"
"63090268","1617390815534"
"63090322","1617390936158"
"63090326","1617391056660"
"63090385","1617391177166"
"63090506","1617391297676"
"63090538","1617391418231"
"63090541","1617391538691"
"63090566","1617391659205"
"63090612","1617391779643"
"63090732","1617391900464"
"63090735","1617392021093"
"63090761","1617392141765"
"63090794","1617392262288"
"63090799","1617392382850"
"63090835","1617392503394"
"63090906","1617392623933"
"63090986","1617392744427"
"63091009","1617392864897"
"63091018","1617392985176"
"63091036","1617393105464"
"63091095","1617393225802"
"63091109","1617393346241"
"63091140","1617393466699"
"63091157","1617393587212"
"63091160","1617393707508"
"63091173","1617393827806"
"63091214","1617393948119"
"63091233","1617394068455"
"63091240","1617394188754"
"63091268","1617394309047"
"63091275","1617394429386"
"63091314","1617394549668"
"63091381","1617394669933"
"63091383","1617394790234"
"63091433","1617394910523"
"63091459","1617395030844"
"63091494","1617395151127"
"63091495","1617395271397"
"63091519","1617395391713"
"63091535","1617395512052"
"63091536","1617395632326"
"63091538","1617395752589"
"63091626","1617395872871"
"63091628","1617395993175"
"63091731","1617396113472"
"63091782","1617396233738"
"63091788","1617396354052"
"63091802","1617396474342"
"63091838","1617396594594"
"63092076","1617396714848"
"63092376","1617396835110"
"63092412","1617396955400"
"63092461","1617397075691"
"63092503","1617397196075"
"63092542","1617397316329"
"63092557","1617397436655"
"63092564","1617397556979"
"63092720","1617397677273"
"63092806","1617397797590"
"63092878","1617397917885"
"63092980","1617398038162"
"63093101","1617398158505"
"63093115","1617398278829"
"63093245","1617398399113"
"63093307","1617398519367"
"63093398","1617398639869"
"63093460","1617398760166"
"63093477","1617398880495"
"63093511","1617399000819"
"63093567","1617399121117"
"63093656","1617399241451"
"63093821","1617399361790"
"63093833","1617399482084"
"63093856","1617399602394"
"63094041","1617399722658"
"63094212","1617399842976"
"63094217","1617399963253"
"63094232","1617400083520"
"63094404","1617400203780"
"63094532","1617400324072"
"63094597","1617400444360"
"63094601","1617400564835"
"63094773","1617400685117"
"63094829","1617400805421"
"63094884","1617400925714"
"63094991","1617401046014"
"63095019","1617401166410"
"63095054","1617401286721"
"63095077","1617401407022"
"63095138","1617401527531"
"63095169","1617401647848"
"63095184","1617401768130"
"63095196","1617401888462"
"63095214","1617402008944"
"63095238","1617402129254"
"63095318","1617402249612"
"63095324","1617402369911"
"63095327","1617402620570"
"63095336","1617402750894"
"63095454","1617403021471"
"63095477","1617403161732"
"63095482","1617403302025"
"63095518","1617403442307"
"63095561","1617403582607"
"63095571","1617403722927"
"63095631","1617403863218"
"63095700","1617404003466"
"63095790","1617404143717"
"63095895","1617404283981"
"63095944","1617404424242"
"63096048","1617404564529"
"63096066","1617404704773"
"63096191","1617404845032"
"63096255","1617404985324"
"63096351","1617405125641"
"63096409","1617405265943"
"63096455","1617405406197"
"63096532","1617405546501"
"63096667","1617405686747"
"63096716","1617405826998"
"63096740","1617405967256"
"63096777","1617406107549"
"63096811","1617406247872"
"63096900","1617406388191"
"63097132","1617406528496"
"63097245","1617406668873"
"63097310","1617406809197"
"63097350","1617406949480"
"63097395","1617407089939"
"63097432","1617407230292"
"63097508","1617407370603"
"63097596","1617407510913"
"63097603","1617407651178"
"63097631","1617407791463"
"63097634","1617407931781"
"63097648","1617408072051"
"63097678","1617408212402"
"63097707","1617408352750"
"63097762","1617408493100"
"63097846","1617408633515"
"63097869","1617408773849"
"63097907","1617408914145"
"63097937","1617409054471"
"63097970","1617409194780"
"63098033","1617409335072"
"63098070","1617409475343"
"63098074","1617409615668"
"63098252","1617409755992"
"63098258","1617409896307"
"63098289","1617410036609"
"63098318","1617410176893"
"63098324","1617410317174"
"63098343","1617410457480"
"63098561","1617410597798"
"63098650","1617410738166"
"63098673","1617410878489"
"63098696","1617411018821"
"63098713","1617411159143"
"63098770","1617411299432"
"63098830","1617411439713"
"63098831","1617411580003"
"63098918","1617411720325"
"63098947","1617411860722"
"63098968","1617412001076"
"63099009","1617412141398"
"63099135","1617412281697"
"63099327","1617412421987"
"63099508","1617412562317"
"63099558","1617412702628"
"63099559","1617412842937"
"63099691","1617412983214"
"63099770","1617413123520"
"63099825","1617413263900"
"63099858","1617413404247"
"63099880","1617413544620"
"63099888","1617413685096"
"63099896","1617413825406"
"63099919","1617413965703"
"63099925","1617414105986"
"63099950","1617414246300"
"63099955","1617414386639"
"63100005","1617414527130"
"63100017","1617414667494"
"63100018","1617414807793"
"63100021","1617414948116"
"63100111","1617415088433"
"63100376","1617415228705"
"63100378","1617415369022"
"63100392","1617415509360"
"63100520","1617415649704"
"63100557","1617415790259"
"63100582","1617415931158"
"63100603","1617416071535"
"63100696","1617416212937"
"63100817","1617416353248"
"63100953","1617416493615"
"63100993","1617416633988"
"63100994","1617416774319"
"63100997","1617416914818"
"63101032","1617417055312"
"63101034","1617417195613"
"63101056","1617417336215"
"63101097","1617417476583"
"63101102","1617417617083"
"63101104","1617417907776"
"63101106","1617418058123"
"63101107","1617418208447"
"63101155","1617418358735"
"63101209","1617418509082"
"63101213","1617418659428"
"63101226","1617418809742"
"63101242","1617418960066"
"63101256","1617419110369"
"63101303","1617419260652"
"63101305","1617419410948"
"63101314","1617419561250"
"63101348","1617419712547"
"63101374","1617419862858"
"63101376","1617420013114"
"63101416","1617420163409"
"63101502","1617420313714"
"63101507","1617420463980"
"63101510","1617420615119"
"63101516","1617420925763"
"63101523","1617421086068"
"63101526","1617421246360"
"63101549","1617421406669"
"63101551","1617421566966"
"63101914","1617421727250"
"63102132","1617421887521"
"63102158","1617422047865"
"63102215","1617422208156"
"63102308","1617422368444"
"63102312","1617422528709"
"63102313","1617422689087"
"63102357","1617422849343"
"63102361","1617423009603"
"63102429","1617423169920"
"63102456","1617423330212"
"63102459","1617423490521"
"63102461","1617423650832"
"63102463","1617423811116"
"63102467","1617423971429"
"63102469","1617424131734"
"63102474","1617424292013"
"63102482","1617424452276"
"63102508","1617424612613"
"63102512","1617424772942"
"63102514","1617424933300"
"63102516","1617425093595"
"63102566","1617425253863"
"63102571","1617425414186"
"63102572","1617425574543"
"63102575","1617425734798"
"63102578","1617425895140"
"63102623","1617426055454"
"63102646","1617426215731"
"63102685","1617426546327"
"63102711","1617426716592"
"63102794","1617426886861"
"63102892","1617427057119"
"63102906","1617427227437"
"63103072","1617427397721"
"63103074","1617427568377"
"63103088","1617427738641"
"63103089","1617427908914"
"63103090","1617428079227"
"63103137","1617428249538"
"63103141","1617428419857"
"63103142","1617428590146"
"63103166","1617428763891"
"63103180","1617428934179"
"63103187","1617429284755"
"63103193","1617429465161"
"63103197","1617429645514"
"63103246","1617429825780"
"63103529","1617430006104"
"63103570","1617430186387"
"63103627","1617430558160"
"63103656","1617430748984"
"63103676","1617430940197"
"63103709","1617431131052"
"63103720","1617431321836"
"63103722","1617431512612"
"63103745","1617431703307"
"63103750","1617431894345"
"63103753","1617432085239"
"63103757","1617432276046"
"63103763","1617432466564"
"63103841","1617432657309"
"63103926","1617432847828"
"63103929","1617433038446"
"63103956","1617433229361"
"63103957","1617433620829"
"63103960","1617433821409"
"63104021","1617434022371"
"63104083","1617434223134"
"63104101","1617434423853"
"63104131","1617434624646"
"63104226","1617434825505"
"63104229","1617435026240"
"63104267","1617435226927"
"63104288","1617435427719"
"63104327","1617435628482"
"63104442","1617435829295"
"63104458","1617436030253"
"63104459","1617436230964"
"63104461","1617436431744"
"63104464","1617436632623"
"63104466","1617436833507"
"63104492","1617437034375"
"63104506","1617437235149"
"63104507","1617437435967"
"63104508","1617437636785"
"63104520","1617437837711"
"63104521","1617438038548"
"63104525","1617438239352"
"63104526","1617438440178"
"63104546","1617438640912"
"63104567","1617438841758"
"63104591","1617439253317"
"63104592","1617439464046"
"63104593","1617439674952"
"63104614","1617439885731"
"63104695","1617440096634"
"63104760","1617440307416"
"63104799","1617440518245"
"63104830","1617441180770"
"63104833","1617441411802"
"63104867","1617441643464"
"63104872","1617441874372"
"63104875","1617442105229"
"63104905","1617442336171"
"63104928","1617442566993"
"63104955","1617442797815"
"63104967","1617443520361"
"63104968","1617444031949"
"63104989","1617444563734"
"63105044","1617444834557"
"63105046","1617445386258"
"63105047","1617445667085"
"63105071","1617445947909"
"63105072","1617446228682"
"63105090","1617446509568"
"63105091","1617447081021"
"63105093","1617447371856"
"63105111","1617447662721"
"63105117","1617447953470"
"63105120","1617448244448"
"63105187","1617448535377"
"63105188","1617449127462"
"63105192","1617449428232"
"63105193","1617449729158"
"63105266","1617450029813"
"63105275","1617450330610"
"63105358","1617450631476"
"63105361","1617450932323"
"63105364","1617451544090"
"63105369","1617452506746"
"63105372","1617452837535"
"63105416","1617453168358"
"63105569","1617453840011"
"63105570","1617454180756"
"63105588","1617454872640"
"63105594","1617455223479"
"63105658","1617455574340"
"63105666","1617455925156"
"63105680","1617456276020"
"63105710","1617456626857"
"63105720","1617456977623"
"63105745","1617457328395"
"63105762","1617457679222"
"63105767","1617458030056"
"63105839","1617458380944"
"63105846","1617458731877"
"63105890","1617459082753"
"63105938","1617459433549"
"63105948","1617459784466"
"63105953","1617460135297"
"63105968","1617460486009"
"63105976","1617460836781"
"63106002","1617461548423"
"63106035","1617461909310"
"63106040","1617462270105"
"63106048","1617462631011"
"63106055","1617462991770"
"63106083","1617463352643"
"63106084","1617463713494"
"63106085","1617464074297"
"63106087","1617464446234"
"63106091","1617464823237"
"63106124","1617465202302"
"63106127","1617465579352"
"63106159","1617465955377"
"63106234","1617466334445"
"63106241","1617466712487"
"63,106,241","1617467077629"
"63106360","1617467438144"
"63106389","1617467798445"
"63106413","1617468158735"
"63106416","1617468889327"
"63106419","1617469259600"
"63106423","1617469629912"
"63106463","1617470000185"
"63106501","1617470750716"
"63106550","1617471130989"
"63106563","1617471511493"
"63106571","1617471891783"
"63106669","1617472272098"
"63106670","1617472652417"
"63106679","1617473032709"
"63106682","1617473803296"
"63106777","1617474947043"
"63106800","1617475097998"
"63106804","1617475278597"
"63106805","1617475429034"
"63106821","1617475599465"
"63106822","1617475789966"
"63106826","1617476000376"
"63106834","1617476230788"
"63106835","1617476351079"
"63106887","1617476471365"
"63106902","1617477343107"
"63106904","1617477513409"
"63106907","1617477683681"
"63106969","1617477853986"
"63106993","1617478024285"
"63107087","1617478194594"
"63107112","1617478364868"
"63107163","1617478715431"
"63107283","1617478895722"
